accuracy,precision,recall,f1,confusion_matrix,classification_report,roc_auc
0.8731773482536453,0.875970391767467,0.9875839609200081,0.9284347493302717,"[[ 298  687]
 [  61 4852]]","              precision    recall  f1-score   support

           0       0.83      0.30      0.44       985
           1       0.88      0.99      0.93      4913

    accuracy                           0.87      5898
   macro avg       0.85      0.65      0.69      5898
weighted avg       0.87      0.87      0.85      5898
",0.8881741283097468
