accuracy,precision,recall,f1,confusion_matrix,classification_report,roc_auc
0.915225500169549,0.9179768895624171,0.9863627111744352,0.9509419152276295,"[[ 552  433]
 [  67 4846]]","              precision    recall  f1-score   support

           0       0.89      0.56      0.69       985
           1       0.92      0.99      0.95      4913

    accuracy                           0.92      5898
   macro avg       0.90      0.77      0.82      5898
weighted avg       0.91      0.92      0.91      5898
",0.9575022653046253
