accuracy,precision,recall,f1,confusion_matrix,classification_report,roc_auc
0.9886402170227195,0.988311164852882,0.9981681253816406,0.9932151898734177,"[[ 927   58]
 [   9 4904]]","              precision    recall  f1-score   support

           0       0.99      0.94      0.97       985
           1       0.99      1.00      0.99      4913

    accuracy                           0.99      5898
   macro avg       0.99      0.97      0.98      5898
weighted avg       0.99      0.99      0.99      5898
",0.9992989695834423
